EVENT_KEY,LABEL,GROUP,CONFLICT_SET,VISIBLE
STATIC_SENSOR,Cảm biến tĩnh,CALIBRATION,,True
SENSOR_ORIENTATION,Căn chỉnh hướng,CALIBRATION,,True
HAND_SHAKE,Bắt tay/Kiểm tra,CALIBRATION,,False
ENGINE_OFF,Tắt máy,STATIC,STATIC_STATE,True
ENGINE_IDLE,Nổ máy tại chỗ,STATIC,STATIC_STATE,True
AIR_CONDITIONER_IDLE,Máy lạnh tại chỗ,STATIC,STATIC_STATE,True
REV_UP_1000,Tăng ga 1000 rpm,STATIC,STATIC_STATE,True
REV_UP_2000,Tăng ga 2000 rpm,STATIC,STATIC_STATE,True
REV_UP_3000,Tăng ga 3000 rpm,STATIC,STATIC_STATE,True
STOP,Dừng xe,LONGITUDINAL_CONTROL,LONGITUDINAL_AXIS,True
START_MOVING,Khởi hành,LONGITUDINAL_CONTROL,LONGITUDINAL_AXIS,True
REVERSE,Lùi xe,LONGITUDINAL_CONTROL,LONGITUDINAL_AXIS,True
LOW_SPEED,Tốc độ chậm (<30km/h),LONGITUDINAL_CONTROL,LONGITUDINAL_AXIS,True
MEDIUM_SPEED,Tốc độ trung bình (30-50km/h),LONGITUDINAL_CONTROL,LONGITUDINAL_AXIS,True
HIGH_SPEED,Tốc độ cao (>90km/h),LONGITUDINAL_CONTROL,LONGITUDINAL_AXIS,True
VERY_LOW_SPEED,Tốc độ rất chậm (~5km/h),LONGITUDINAL_CONTROL,LONGITUDINAL_AXIS,True
NORMAL_ACCELERATION,Tăng tốc bình thường,LONGITUDINAL_CONTROL,LONGITUDINAL_AXIS,True
NORMAL_BRAKING,Phanh bình thường,LONGITUDINAL_CONTROL,LONGITUDINAL_AXIS,True
HARSH_ACCELERATION,Tăng tốc đột ngột,LONGITUDINAL_CONTROL,LONGITUDINAL_AXIS,True
HARSH_BRAKING,Phanh gấp,LONGITUDINAL_CONTROL,LONGITUDINAL_AXIS,True
OVERSPEED,Quá tốc độ,LONGITUDINAL_CONTROL,,True
ABNORMAL_SPEED_FLUCTUATION,Dao động tốc độ bất thường,LONGITUDINAL_CONTROL,,True
STRAIGHT_CRUISING,Đi thẳng,LATERAL_CONTROL,LATERAL_AXIS,True
LEFT_TURN,Rẽ trái,LATERAL_CONTROL,LATERAL_AXIS,True
RIGHT_TURN,Rẽ phải,LATERAL_CONTROL,LATERAL_AXIS,True
LEFT_LANE_CHANGE,Chuyển làn trái,LATERAL_CONTROL,LATERAL_AXIS,True
RIGHT_LANE_CHANGE,Chuyển làn phải,LATERAL_CONTROL,LATERAL_AXIS,True
CONTINUOUS_LEFT_CURVE,Ôm cua trái liên tục,LATERAL_CONTROL,LATERAL_AXIS,True
CONTINUOUS_RIGHT_CURVE,Ôm cua phải liên tục,LATERAL_CONTROL,LATERAL_AXIS,True
U_TURN,Quay đầu xe,LATERAL_CONTROL,LATERAL_AXIS,True
SHARP_U_TURN,Quay đầu gấp,LATERAL_CONTROL,LATERAL_AXIS,True
HARSH_LEFT_STEERING,Đánh lái gấp trái,LATERAL_CONTROL,LATERAL_AXIS,True
HARSH_RIGHT_STEERING,Đánh lái gấp phải,LATERAL_CONTROL,LATERAL_AXIS,True
HARSH_LEFT_LANE_CHANGE,Chuyển làn gấp trái,LATERAL_CONTROL,LATERAL_AXIS,True
HARSH_RIGHT_LANE_CHANGE,Chuyển làn gấp phải,LATERAL_CONTROL,LATERAL_AXIS,True
WEAVING,Lạng lách,LATERAL_CONTROL,,True
HIGH_SPEED_ZIGZAG,Zigzag tốc độ cao,LATERAL_CONTROL,,False
HIGH_SPEED_CORNERING,Ôm cua tốc độ cao,LATERAL_CONTROL,,True
DIRECTIONAL_INSTABILITY,Mất ổn định hướng,LATERAL_CONTROL,,False
UPHILL,Leo dốc,ROAD_STATE,INCLINE_STATE,True
DOWNHILL,Xuống dốc,ROAD_STATE,INCLINE_STATE,True
ENTER_TUNNEL,Qua hầm chui,ROAD_STATE,INFRASTRUCTURE,True
BRIDGE_CROSSING,Qua cầu,ROAD_STATE,INFRASTRUCTURE,True
FERRY_BOARDING,Lên phà,ROAD_STATE,INFRASTRUCTURE,True
BODY_VIBRATION,Rung lắc thân xe,ROAD_STATE,,True
IMPACT,Va chạm,STABILITY_DYNAMICS,,True
NEAR_ROLLOVER,Suýt lật,STABILITY_DYNAMICS,,True
BRAKE_WHILE_CORNERING,Phanh khi vào cua,STABILITY_DYNAMICS,,True
ACCELERATE_WHILE_CORNERING,Tăng tốc khi vào cua,STABILITY_DYNAMICS,,True
SMOOTH_ASPHALT,Nhựa phẳng,ROAD,ROAD_SURFACE,True
CONCRETE_ROAD,Bê tông,ROAD,ROAD_SURFACE,True
GRAVEL_ROAD,Đá dăm,ROAD,ROAD_SURFACE,True
STONE_ROAD,Đá tảng,ROAD,ROAD_SURFACE,True
TILED_STONE_ROAD,Lát gạch,ROAD,ROAD_SURFACE,True
DIRT_ROAD,Đường đất,ROAD,ROAD_SURFACE,True
PEBBLE_ROAD,Đường sỏi,ROAD,ROAD_SURFACE,True
SMALL_POTHOLES,Ổ gà nhỏ,ROAD,ROAD_SURFACE,True
LARGE_POTHOLES,Ổ gà lớn,ROAD,ROAD_SURFACE,True
SPEED_BUMP,Gờ giảm tốc,ROAD,ROAD_SURFACE,True
MIXED_ROAD_SURFACE,Đường hỗn hợp,ROAD,ROAD_SURFACE,True
DAYTIME,Ban ngày,ENVIRONMENT,TIME_OF_DAY,True
NIGHTTIME,Ban đêm,ENVIRONMENT,TIME_OF_DAY,True
RAINY,Trời mưa,ENVIRONMENT,WEATHER_CONDITION,True
SUNNY,Trời nắng,ENVIRONMENT,WEATHER_CONDITION,True
LOW_TEMPERATURE,Nhiệt độ thấp,ENVIRONMENT,TEMPERATURE_STATE,True
HIGH_TEMPERATURE,Nhiệt độ cao,ENVIRONMENT,TEMPERATURE_STATE,True
GPS_SIGNAL_LOSS,Mất GPS,FAILURE,,False
HIGH_GPS_HDOP,GPS sai số lớn,FAILURE,,False
SATELLITE_LOSS,Mất vệ tinh,FAILURE,,False
SERIAL_DATA_LOSS,Mất dữ liệu Serial,FAILURE,,False
IMU_RESET,IMU bị reset,FAILURE,,False
TIMESTAMP_DRIFT,Lệch timestamp,FAILURE,,False
VERY_HIGH_SPEED,Tốc độ rất cao (>90km/h),LONGITUDINAL_CONTROL,LONGITUDINAL_AXIS,True
50_KM_PER_HOUR,Giới hạn 50KM/H,SPEED_LIMIT,SPEED_LIMIT_STATE,True
60_KM_PER_HOUR,Giới hạn 60KM/H,SPEED_LIMIT,SPEED_LIMIT_STATE,True
70_KM_PER_HOUR,Giới hạn 70KM/H,SPEED_LIMIT,SPEED_LIMIT_STATE,True
80_KM_PER_HOUR,Giới hạn 80KM/H,SPEED_LIMIT,SPEED_LIMIT_STATE,True
90_KM_PER_HOUR,Giới hạn 90KM/H,SPEED_LIMIT,SPEED_LIMIT_STATE,True
100_KM_PER_HOUR,Giới hạn 100KM/H,SPEED_LIMIT,SPEED_LIMIT_STATE,True
120_KM_PER_HOUR,Giới hạn 120KM/H,SPEED_LIMIT,SPEED_LIMIT_STATE,True
